TARGET, MODEL, PRED_DOCKQ, TRUE_DOCKQ
7VYR,fold_7vyr_1_model_0,0.71486783,0.8450437158469946
7VYR,fold_7vyr_1_model_1,0.540322,0.8741256830601094
7VYR,fold_7vyr_1_model_2,0.7301937,0.8910983606557377
7VYR,fold_7vyr_1_model_3,0.6193979,0.8666502732240436
7VYR,fold_7vyr_1_model_4,0.41574135,0.5545573770491803
7VYR,fold_7vyr_2_model_0,0.63733536,0.8439617486338797
7VYR,fold_7vyr_2_model_1,0.59192926,0.8449344262295082
7VYR,fold_7vyr_2_model_2,0.71424925,0.8410655737704918
7VYR,fold_7vyr_2_model_3,0.43374154,0.8675081967213114
7VYR,fold_7vyr_2_model_4,0.35199013,0.7259726775956284
7VYR,fold_7vyr_3_model_0,0.57853943,0.8649125683060109
7VYR,fold_7vyr_3_model_1,0.746946,0.8524644808743169
7VYR,fold_7vyr_3_model_2,0.6615206,0.8570983606557377
7VYR,fold_7vyr_3_model_3,0.58567965,0.8423169398907104
7VYR,fold_7vyr_3_model_4,0.5380517,0.7784426229508197
7VYR,fold_7vyr_4_model_0,0.7369649,0.8483169398907104
7VYR,fold_7vyr_4_model_1,0.5232023,0.8061530054644809
7VYR,fold_7vyr_4_model_2,0.37867093,0.8511967213114754
7VYR,fold_7vyr_4_model_3,0.6975261,0.840120218579235
7VYR,fold_7vyr_4_model_4,0.7334274,0.8509945355191257
7VYR,fold_7vyr_5_model_0,0.28151733,0.7313224043715847
7VYR,fold_7vyr_5_model_1,0.68759835,0.7914371584699454
7VYR,fold_7vyr_5_model_2,0.6435963,0.8415136612021857
7VYR,fold_7vyr_5_model_3,0.75070184,0.842551912568306
7VYR,fold_7vyr_5_model_4,0.23456481,0.7936612021857924
